{"CACHE_SYNC_FILE_HASH":{"D:\\frist_work\\hvigorfile.ts":"2c4b3f94a286420f31083c1f04ca90f43ed58ff10aa7dd961c324161877db3a7","D:\\frist_work\\grid\\oh-package.json5":"ed99b5822e07918eba224cb6958c847331167025d6d9ea1d8884f51280dce105","D:\\frist_work\\oh-package.json5":"9243bbfb1a56c9906c8d357c46cb5d0bde9176ab222594eba250d00b58ab0d77","D:\\frist_work\\hvigor\\hvigor-config.json5":"e12ea9e83583c39d2eb69aa29dad090f8aee585322e54e5c3d4f0cc0df69110c","D:\\frist_work\\grid\\hvigorfile.ts":"4cd6ca49d3659d3204240fb25f8dd6775cf092b918ce0e13f68beaa836d493f8","D:\\frist_work\\build-profile.json5":"e42e09e20cc2dd24963fda432073d013f7f23bd8889b9d15a78228831ba0c913","D:\\frist_work\\grid\\build-profile.json5":"e8f62cdcb5b2881c657ec5f98d8cb66b834c08b1298d387a75d6d129f1e279ce","D:\\frist_work\\.hvigor\\outputs\\sync\\output.json":"d27a9a245b57df07105215ec3af6b370de7d93c40147f99f07bfa999d652b446"},"OHPM_INSTALL_FILE_HASH":{"D:\\frist_work\\grid\\oh_modules":false,"D:\\frist_work\\grid\\oh-package.json5":"ed99b5822e07918eba224cb6958c847331167025d6d9ea1d8884f51280dce105","D:\\frist_work\\oh_modules":true,"D:\\frist_work\\oh-package.json5":"9243bbfb1a56c9906c8d357c46cb5d0bde9176ab222594eba250d00b58ab0d77"}}