{"deviceType":"phone","checkEntry":"true","localPropertiesPath":"D:\\frist_work\\local.properties","Path":"D:\\DEV ECO\\DevEco Studio\\tools\\node\\","note":"false","aceProfilePath":"D:\\frist_work\\grid\\.preview\\default\\intermediates\\res\\default\\resources\\base\\profile","isPreview":"true","hapMode":"false","buildMode":"debug","img2bin":"true","projectProfilePath":"D:\\frist_work\\build-profile.json5","watchMode":"true","appResource":"D:\\frist_work\\grid\\.preview\\default\\intermediates\\res\\default\\ResourceTable.txt","logLevel":"3","stageRouterConfig":{"contents":["{\"module\":{\"pages\":\"$profile:main_pages\",\"name\":\"grid\"}}","{\"src\":[\"pages/Index\"]}"],"paths":["D:\\frist_work\\grid\\.preview\\default\\intermediates\\res\\default\\module.json","D:\\frist_work\\grid\\.preview\\default\\intermediates\\res\\default\\resources\\base\\profile\\main_pages.json"]},"port":"29974","aceBuildJson":"D:\\frist_work\\grid\\.preview\\default\\intermediates\\loader\\default\\loader.json","aceModuleRoot":"D:\\frist_work\\grid\\src\\main\\ets","aceSoPath":"D:\\frist_work\\grid\\.preview\\cache\\nativeDependencies.txt","cachePath":"D:\\frist_work\\grid\\.preview\\cache\\.default","aceModuleBuild":"D:\\frist_work\\grid\\.preview\\default\\intermediates\\assets\\default\\ets","aceModuleJsonPath":"D:\\frist_work\\grid\\.preview\\default\\intermediates\\res\\default\\module.json"}