{
  "grid|grid|1.0.0|src/main/ets/gridability/GridAbility.ts": {
    "version": 3,
    "file": "GridAbility.ets",
    "sourceRoot": "",
    "sources": [
      "grid/src/main/ets/gridability/GridAbility.ets"
    ],
    "names": [],
    "mappings": ";;;;;AAIA,MAAM,CAAC,OAAO,OAAO,WAAY,SAAQ,SAAS;IAChD,QAAQ,CAAC,IAAI,EAAE,IAAI,EAAE,WAAW,EAAE,eAAe,CAAC,WAAW,GAAG,IAAI;QAClE,KAAK,CAAC,IAAI,CAAC,MAAM,EAAE,SAAS,EAAE,YAAY,EAAE,kBAAkB,CAAC,CAAC;IAClE,CAAC;IAED,SAAS,IAAI,IAAI;QACf,KAAK,CAAC,IAAI,CAAC,MAAM,EAAE,SAAS,EAAE,YAAY,EAAE,mBAAmB,CAAC,CAAC;IACnE,CAAC;IAED,mBAAmB,CAAC,WAAW,EAAE,MAAM,CAAC,WAAW,GAAG,IAAI;QACxD,yDAAyD;QACzD,KAAK,CAAC,IAAI,CAAC,MAAM,EAAE,SAAS,EAAE,YAAY,EAAE,6BAA6B,CAAC,CAAC;QAE3E,WAAW,CAAC,WAAW,CAAC,aAAa,EAAE,CAAC,GAAG,EAAE,EAAE;YAC7C,IAAI,GAAG,CAAC,IAAI,EAAE;gBACZ,KAAK,CAAC,KAAK,CAAC,MAAM,EAAE,SAAS,EAAE,+CAA+C,EAAE,IAAI,CAAC,SAAS,CAAC,GAAG,CAAC,IAAI,EAAE,CAAC,CAAC;gBAC3G,OAAO;aACR;YACD,KAAK,CAAC,IAAI,CAAC,MAAM,EAAE,SAAS,EAAE,mCAAmC,CAAC,CAAC;QACrE,CAAC,CAAC,CAAC;IACL,CAAC;IAED,oBAAoB,IAAI,IAAI;QAC1B,yDAAyD;QACzD,KAAK,CAAC,IAAI,CAAC,MAAM,EAAE,SAAS,EAAE,YAAY,EAAE,8BAA8B,CAAC,CAAC;IAC9E,CAAC;IAED,YAAY,IAAI,IAAI;QAClB,oCAAoC;QACpC,KAAK,CAAC,IAAI,CAAC,MAAM,EAAE,SAAS,EAAE,YAAY,EAAE,sBAAsB,CAAC,CAAC;IACtE,CAAC;IAED,YAAY,IAAI,IAAI;QAClB,iCAAiC;QACjC,KAAK,CAAC,IAAI,CAAC,MAAM,EAAE,SAAS,EAAE,YAAY,EAAE,sBAAsB,CAAC,CAAC;IACtE,CAAC;CACF",
    "entry-package-info": "grid|1.0.0"
  },
  "grid|grid|1.0.0|src/main/ets/gridbackupability/GridBackupAbility.ts": {
    "version": 3,
    "file": "GridBackupAbility.ets",
    "sourceRoot": "",
    "sources": [
      "grid/src/main/ets/gridbackupability/GridBackupAbility.ets"
    ],
    "names": [],
    "mappings": ";;;AAGA,MAAM,CAAC,OAAO,OAAO,iBAAkB,SAAQ,sBAAsB;IACnE,KAAK,CAAC,QAAQ;QACZ,KAAK,CAAC,IAAI,CAAC,MAAM,EAAE,SAAS,EAAE,aAAa,CAAC,CAAC;IAC/C,CAAC;IAED,KAAK,CAAC,SAAS,CAAC,aAAa,EAAE,aAAa;QAC1C,KAAK,CAAC,IAAI,CAAC,MAAM,EAAE,SAAS,EAAE,yBAAyB,EAAE,IAAI,CAAC,SAAS,CAAC,aAAa,CAAC,CAAC,CAAC;IAC1F,CAAC;CACF",
    "entry-package-info": "grid|1.0.0"
  },
  "grid|grid|1.0.0|src/main/ets/pages/Index.ts": {
    "version": 3,
    "file": "Index.ets",
    "sourceRoot": "",
    "sources": [
      "grid/src/main/ets/pages/Index.ets"
    ],
    "names": [],
    "mappings": ";;;;IAGS,MAAM,GAAE,MAAM,EAAE;;MADlB,gBAAgB;IAFvB;;;;;qDAG4B;YACxB,wFAAwF;YACxF,oFAAoF;YACpF,uQAAuQ;YACvQ,0PAA0P;YAC1P,0PAA0P;YAC1P,wFAAwF;YACxF,kFAAkF;YAClF,uPAAuP;YACvP,wFAAwF;YACxF,yFAAyF;YACzF,0FAA0F;YAC1F,wFAAwF;YACxF,0EAA0E;YAC1E,kEAAkE;YAClE,kFAAkF;YAClF,yFAAyF;YACzF,kFAAkF;YAClF,yFAAyF;YACzF,yDAAyD;YACzD,6OAA6O;YAC7O,wFAAwF;YACxF,kFAAkF;YAClF,yFAAyF;YACzF,6GAA6G;YAC7G,6OAA6O;YAC7O,6OAA6O;YAC7O,yFAAyF;YACzF,+OAA+O;YAC/O,2FAA2F;YAC3F,wFAAwF;YACxF,6DAA6D;YAC7D,0PAA0P;SAC3P;;;KApCH;;;;;;;;;;;;;;;;IAGE,2CAAe,MAAM,EAAE,EAiCtB;QAjCM,MAAM;;;QAAN,MAAM,WAAE,MAAM,EAAE;;;IAmCvB;;YACE,MAAM;;;;YACJ,sCAAsC;YACtC,MAAM;;YADN,sCAAsC;YACtC,MAAM,CAoCJ,KAAK,CAAC,MAAM;YArCd,sCAAsC;YACtC,MAAM,CAoCU,MAAM,CAAC,EAAE,GAAG,EAAE,CAAC,EAAE;;;YAnC/B,qBAAqB;YACrB,GAAG;;YADH,qBAAqB;YACrB,GAAG,CAmBF,MAAM,CAAC,EAAE;YApBV,qBAAqB;YACrB,GAAG,CAoBF,OAAO,CAAC,EAAE,IAAI,EAAE,CAAC,EAAE,KAAK,EAAE,CAAC,EAAE;;;YAnB5B,YAAY;YACZ,MAAM,iBAAC,IAAI;;YADX,YAAY;YACZ,MAAM,CACH,KAAK,CAAC,GAAG;YAFZ,YAAY;YACZ,MAAM,CAEH,MAAM,CAAC,EAAE;YAHZ,YAAY;YACZ,MAAM,CAGH,MAAM,CAAC,EAAE,KAAK,EAAE,EAAE,EAAE;;QAJvB,YAAY;QACZ,MAAM;;YAKN,gBAAgB;YAChB,IAAI,QAAC,IAAI;;YADT,gBAAgB;YAChB,IAAI,CACD,QAAQ,CAAC,EAAE;YAFd,gBAAgB;YAChB,IAAI,CAED,KAAK,CAAC,EAAE;YAHX,gBAAgB;YAChB,IAAI,CAGD,MAAM,CAAC,EAAE;;QAJZ,gBAAgB;QAChB,IAAI;;YAKJ,YAAY;YACZ,MAAM,iBAAC,IAAI;;YADX,YAAY;YACZ,MAAM,CACH,KAAK,CAAC,GAAG;YAFZ,YAAY;YACZ,MAAM,CAEH,MAAM,CAAC,EAAE;YAHZ,YAAY;YACZ,MAAM,CAGH,MAAM,CAAC,EAAE,IAAI,EAAE,CAAC,EAAE;;QAJrB,YAAY;QACZ,MAAM;QAfR,qBAAqB;QACrB,GAAG;;YAsBH,IAAI;;YAAJ,IAAI,CASH,eAAe,CAAC,gBAAgB;YATjC,IAAI,CAUH,YAAY,CAAC,gBAAgB;YAV9B,IAAI,CAWH,KAAK,CAAC,MAAM;YAXb,IAAI,CAWW,MAAM,CAAC,MAAM;;;YAV1B,OAAO;;;;;;;;;;;4BAEH,KAAK,QAAC,QAAQ;;4BAAd,KAAK,CACF,KAAK,CAAC,MAAM;4BADf,KAAK,CAEF,MAAM,CAAC,MAAM;;wBAHlB,QAAQ;;;;;+CADF,IAAI,CAAC,MAAM;;QAAnB,OAAO;QADT,IAAI;QAzBN,sCAAsC;QACtC,MAAM;QAFR,MAAM;KAwCP",
    "entry-package-info": "grid|1.0.0"
  }
}