{"D:\\frist_work\\AppScope\\app.json5":{"hashValue":"a1b5506f4f22058065295fb2c054b242","name":"app.json5","path":"D:\\frist_work\\AppScope\\app.json5","type":"file","isSymbolicLink":false,"fileMetaData":{"size":213,"lastModifiedTime":1720501607058}},"D:\\frist_work\\grid\\src\\main\\module.json5":{"hashValue":"5df28033ce7e3c79f3700bdd4c106b78","name":"module.json5","path":"D:\\frist_work\\grid\\src\\main\\module.json5","type":"file","isSymbolicLink":false,"fileMetaData":{"size":1332,"lastModifiedTime":1720496287763}},"D:\\frist_work\\build-profile.json5":{"hashValue":"f99a8bacb5c5bf617b408c6cdb1579cf","name":"build-profile.json5","path":"D:\\frist_work\\build-profile.json5","type":"file","isSymbolicLink":false,"fileMetaData":{"size":595,"lastModifiedTime":1720496288848}},"D:\\frist_work\\grid\\build-profile.json5":{"hashValue":"75b5a59cc931ef510d5f8c185fc0dee0","name":"build-profile.json5","path":"D:\\frist_work\\grid\\build-profile.json5","type":"file","isSymbolicLink":false,"fileMetaData":{"size":448,"lastModifiedTime":1720496288839}},"D:\\frist_work\\grid\\src\\main\\resources\\base\\profile\\main_pages.json":{"hashValue":"310391da9afac559f3061d9e799a867a","name":"main_pages.json","path":"D:\\frist_work\\grid\\src\\main\\resources\\base\\profile\\main_pages.json","type":"file","isSymbolicLink":false,"fileMetaData":{"size":37,"lastModifiedTime":1720496283984}},"D:\\frist_work\\hvigor\\hvigor-config.json5":{"hashValue":"5dcd6c3c69afbf0e6fc372128044532c","name":"hvigor-config.json5","path":"D:\\frist_work\\hvigor\\hvigor-config.json5","type":"file","isSymbolicLink":false,"fileMetaData":{"size":1323,"lastModifiedTime":1720496283452}},"D:\\frist_work\\grid\\src\\mock\\mock-config.json5":{"hashValue":"971abe6d00e33f9b74d13ec95c757e2d","name":"mock-config.json5","path":"D:\\frist_work\\grid\\src\\mock\\mock-config.json5","type":"file","isSymbolicLink":false,"fileMetaData":{"size":3,"lastModifiedTime":1720496283798}},"D:\\frist_work\\grid\\oh-package.json5":{"hashValue":"27dff33487d08174019b902bb2d02376","name":"oh-package.json5","path":"D:\\frist_work\\grid\\oh-package.json5","type":"file","isSymbolicLink":false,"fileMetaData":{"size":182,"lastModifiedTime":1720496283513}},"D:\\frist_work\\grid\\.preview\\default\\intermediates\\merge_profile\\default\\module.json":{"hashValue":"e7714b7f25b986760d8b8db66cdf836d","name":"module.json","path":"D:\\frist_work\\grid\\.preview\\default\\intermediates\\merge_profile\\default\\module.json","type":"file","isSymbolicLink":false,"fileMetaData":{"size":1532,"lastModifiedTime":1720501628041}},"D:\\frist_work\\grid\\.preview\\default\\generated\\profile\\default\\BuildProfile.ets":{"hashValue":"55cefcc0c1ceae5d6bca063b45993eb3","name":"BuildProfile.ets","path":"D:\\frist_work\\grid\\.preview\\default\\generated\\profile\\default\\BuildProfile.ets","type":"file","isSymbolicLink":false,"fileMetaData":{"size":865,"lastModifiedTime":1720501628047}},"D:\\frist_work\\grid\\.preview\\default\\intermediates\\process_profile\\default\\module.json":{"hashValue":"71a7167219797e9cc5fd2cd3f0e19ffc","name":"module.json","path":"D:\\frist_work\\grid\\.preview\\default\\intermediates\\process_profile\\default\\module.json","type":"file","isSymbolicLink":false,"fileMetaData":{"size":1618,"lastModifiedTime":1720501628202}},"D:\\frist_work\\oh-package.json5":{"hashValue":"e9e47ee43e0ecd12b421f1cd4e59e8a1","name":"oh-package.json5","path":"D:\\frist_work\\oh-package.json5","type":"file","isSymbolicLink":false,"fileMetaData":{"size":210,"lastModifiedTime":1720496288834}},"D:\\frist_work\\grid\\.preview\\default\\intermediates\\router_map\\default\\intermediates_temp_routerMap.json":{"hashValue":"c16b5b68575c3d33994d929736baef9a","name":"intermediates_temp_routerMap.json","path":"D:\\frist_work\\grid\\.preview\\default\\intermediates\\router_map\\default\\intermediates_temp_routerMap.json","type":"file","isSymbolicLink":false,"fileMetaData":{"size":16,"lastModifiedTime":1720496356059}},"D:\\frist_work\\grid\\.preview\\default\\intermediates\\router_map\\default\\intermediate_routerMap_for_loader.json":{"hashValue":"9e3f26f232fb7787fa1615db9b22fbd5","name":"intermediate_routerMap_for_loader.json","path":"D:\\frist_work\\grid\\.preview\\default\\intermediates\\router_map\\default\\intermediate_routerMap_for_loader.json","type":"file","isSymbolicLink":false,"fileMetaData":{"size":16,"lastModifiedTime":1720496356061}},"D:\\frist_work\\grid\\.preview\\default\\intermediates\\loader\\default\\loader.json":{"hashValue":"0cd185e36a87e5903538bbcb787dce0c","name":"loader.json","path":"D:\\frist_work\\grid\\.preview\\default\\intermediates\\loader\\default\\loader.json","type":"file","isSymbolicLink":false,"fileMetaData":{"size":559,"lastModifiedTime":1720496356088}},"D:\\frist_work\\grid\\src\\main\\resources":{"hashValue":"a07bb6be19e0899a05b3b0a00c0dcea8","name":"resources","path":"D:\\frist_work\\grid\\src\\main\\resources","type":"directory","isSymbolicLink":false,"children":[{"hashValue":"05ca21508ed3d0e8b0b71fa1379567ca","name":"base","path":"D:\\frist_work\\grid\\src\\main\\resources\\base","type":"directory","isSymbolicLink":false,"children":[{"hashValue":"ec8516ba8c7bb3ecaa5c0915c7254448","name":"element","path":"D:\\frist_work\\grid\\src\\main\\resources\\base\\element","type":"directory","isSymbolicLink":false,"children":[{"hashValue":"6c41e8ab242a53fc864920b2910e5b57","name":"color.json","path":"D:\\frist_work\\grid\\src\\main\\resources\\base\\element\\color.json","type":"file","isSymbolicLink":false,"fileMetaData":{"size":105,"lastModifiedTime":1720496283923}},{"hashValue":"493ffbd2bcec2c07142f8dbec9f3b032","name":"string.json","path":"D:\\frist_work\\grid\\src\\main\\resources\\base\\element\\string.json","type":"file","isSymbolicLink":false,"fileMetaData":{"size":245,"lastModifiedTime":1720496288863}}]},{"hashValue":"47c0e20e8dae551115321b31795dc3a0","name":"media","path":"D:\\frist_work\\grid\\src\\main\\resources\\base\\media","type":"directory","isSymbolicLink":false,"children":[{"hashValue":"1b41c6b1d92d106716f528b6fb3564d8","name":"background.png","path":"D:\\frist_work\\grid\\src\\main\\resources\\base\\media\\background.png","type":"file","isSymbolicLink":false,"fileMetaData":{"size":57364,"lastModifiedTime":1720496283937}},{"hashValue":"302ef11e79ca1ee65338d67fe64ef948","name":"foreground.png","path":"D:\\frist_work\\grid\\src\\main\\resources\\base\\media\\foreground.png","type":"file","isSymbolicLink":false,"fileMetaData":{"size":12430,"lastModifiedTime":1720496283944}},{"hashValue":"cdc013a8f66e42c17cd8e07d49c8d607","name":"layered_image.json","path":"D:\\frist_work\\grid\\src\\main\\resources\\base\\media\\layered_image.json","type":"file","isSymbolicLink":false,"fileMetaData":{"size":109,"lastModifiedTime":1720496283950}},{"hashValue":"a178ac9d21b26562c8e5487108192ad1","name":"startIcon.png","path":"D:\\frist_work\\grid\\src\\main\\resources\\base\\media\\startIcon.png","type":"file","isSymbolicLink":false,"fileMetaData":{"size":20093,"lastModifiedTime":1720496283960}}]},{"hashValue":"8b4f7923d9253e12e1ec29763cfd6b04","name":"profile","path":"D:\\frist_work\\grid\\src\\main\\resources\\base\\profile","type":"directory","isSymbolicLink":false,"children":[{"hashValue":"9dd951d6c2a06fc45baf64b2980aef4e","name":"backup_config.json","path":"D:\\frist_work\\grid\\src\\main\\resources\\base\\profile\\backup_config.json","type":"file","isSymbolicLink":false,"fileMetaData":{"size":36,"lastModifiedTime":1720496284013}},{"hashValue":"310391da9afac559f3061d9e799a867a","name":"main_pages.json","path":"D:\\frist_work\\grid\\src\\main\\resources\\base\\profile\\main_pages.json","type":"file","isSymbolicLink":false,"fileMetaData":{"size":37,"lastModifiedTime":1720496283984}}]}]},{"hashValue":"ed853f453bdd3c4a330f0dedffdeca60","name":"en_US","path":"D:\\frist_work\\grid\\src\\main\\resources\\en_US","type":"directory","isSymbolicLink":false,"children":[{"hashValue":"a227432fc6087faca49e123c9b0fb075","name":"element","path":"D:\\frist_work\\grid\\src\\main\\resources\\en_US\\element","type":"directory","isSymbolicLink":false,"children":[{"hashValue":"2fbfb74b304a9f439fdf84937f49f9df","name":"string.json","path":"D:\\frist_work\\grid\\src\\main\\resources\\en_US\\element\\string.json","type":"file","isSymbolicLink":false,"fileMetaData":{"size":245,"lastModifiedTime":1720496288853}}]}]},{"hashValue":"","name":"rawfile","path":"D:\\frist_work\\grid\\src\\main\\resources\\rawfile","type":"directory","isSymbolicLink":false,"children":[]},{"hashValue":"93fc1a406bd80768590a9739ef3fe91f","name":"zh_CN","path":"D:\\frist_work\\grid\\src\\main\\resources\\zh_CN","type":"directory","isSymbolicLink":false,"children":[{"hashValue":"ad391e469380d31d210a4345143a5697","name":"element","path":"D:\\frist_work\\grid\\src\\main\\resources\\zh_CN\\element","type":"directory","isSymbolicLink":false,"children":[{"hashValue":"305c5ab0541d421203babdba10299de5","name":"string.json","path":"D:\\frist_work\\grid\\src\\main\\resources\\zh_CN\\element\\string.json","type":"file","isSymbolicLink":false,"fileMetaData":{"size":239,"lastModifiedTime":1720496288858}}]}]}]},"D:\\frist_work\\grid\\.preview\\default\\intermediates\\res\\default":{"hashValue":"7640306f45b6510f1a4c345106c4602e","name":"default","path":"D:\\frist_work\\grid\\.preview\\default\\intermediates\\res\\default","type":"directory","isSymbolicLink":false,"children":[{"hashValue":"4582d7956deeae444ea668c3d652cf83","name":"app_compiled","path":"D:\\frist_work\\grid\\.preview\\default\\intermediates\\res\\default\\app_compiled","type":"directory","isSymbolicLink":false,"children":[{"hashValue":"b2b562bc86edc7c9309466164b13d77e","name":"11007213569016755552","path":"D:\\frist_work\\grid\\.preview\\default\\intermediates\\res\\default\\app_compiled\\11007213569016755552","type":"file","isSymbolicLink":false,"fileMetaData":{"size":103,"lastModifiedTime":1720503517312}},{"hashValue":"7250c62a3f5b4d62acd128b41c4ea251","name":"13006617891317733245","path":"D:\\frist_work\\grid\\.preview\\default\\intermediates\\res\\default\\app_compiled\\13006617891317733245","type":"file","isSymbolicLink":false,"fileMetaData":{"size":143,"lastModifiedTime":1720503517315}},{"hashValue":"f3d91859da0241a170a4538179481e44","name":"14247818341781295567","path":"D:\\frist_work\\grid\\.preview\\default\\intermediates\\res\\default\\app_compiled\\14247818341781295567","type":"file","isSymbolicLink":false,"fileMetaData":{"size":212,"lastModifiedTime":1720503517314}},{"hashValue":"56a8306af0e972bb51fe0881c9fe9f91","name":"14457952442982661625","path":"D:\\frist_work\\grid\\.preview\\default\\intermediates\\res\\default\\app_compiled\\14457952442982661625","type":"file","isSymbolicLink":false,"fileMetaData":{"size":134,"lastModifiedTime":1720503517312}},{"hashValue":"72ab5b20714062ce762e9a92f304b35c","name":"16591183798487259203","path":"D:\\frist_work\\grid\\.preview\\default\\intermediates\\res\\default\\app_compiled\\16591183798487259203","type":"file","isSymbolicLink":false,"fileMetaData":{"size":140,"lastModifiedTime":1720503517313}},{"hashValue":"9efa322e1715e00c68c9298a93dac4fd","name":"18312720956156272895","path":"D:\\frist_work\\grid\\.preview\\default\\intermediates\\res\\default\\app_compiled\\18312720956156272895","type":"file","isSymbolicLink":false,"fileMetaData":{"size":212,"lastModifiedTime":1720503517313}},{"hashValue":"9f1380e6019756f2239c6945bee75a3b","name":"5472885158266706656","path":"D:\\frist_work\\grid\\.preview\\default\\intermediates\\res\\default\\app_compiled\\5472885158266706656","type":"file","isSymbolicLink":false,"fileMetaData":{"size":191,"lastModifiedTime":1720503517315}},{"hashValue":"844ae7b33e5c34eecf609876921af774","name":"5941319604828349909","path":"D:\\frist_work\\grid\\.preview\\default\\intermediates\\res\\default\\app_compiled\\5941319604828349909","type":"file","isSymbolicLink":false,"fileMetaData":{"size":185,"lastModifiedTime":1720503517316}},{"hashValue":"5ac49c115b5f4fd6ce99f6e77b7ce8fa","name":"6067057448369563593","path":"D:\\frist_work\\grid\\.preview\\default\\intermediates\\res\\default\\app_compiled\\6067057448369563593","type":"file","isSymbolicLink":false,"fileMetaData":{"size":212,"lastModifiedTime":1720503517314}},{"hashValue":"48552181ae1c44fc635df7a5cf35ffc0","name":"7162556369954580193","path":"D:\\frist_work\\grid\\.preview\\default\\intermediates\\res\\default\\app_compiled\\7162556369954580193","type":"file","isSymbolicLink":false,"fileMetaData":{"size":137,"lastModifiedTime":1720503517316}},{"hashValue":"162552cc0ebcd5ab0b67af3b6983fdec","name":"9006575434504739740","path":"D:\\frist_work\\grid\\.preview\\default\\intermediates\\res\\default\\app_compiled\\9006575434504739740","type":"file","isSymbolicLink":false,"fileMetaData":{"size":212,"lastModifiedTime":1720503517314}}]},{"hashValue":"1410c4181ea3a751fb7dfb341106a164","name":"ids_map","path":"D:\\frist_work\\grid\\.preview\\default\\intermediates\\res\\default\\ids_map","type":"directory","isSymbolicLink":false,"children":[{"hashValue":"9fdbb200ce3890dfa8636d34535d251c","name":"id_defined.json","path":"D:\\frist_work\\grid\\.preview\\default\\intermediates\\res\\default\\ids_map\\id_defined.json","type":"file","isSymbolicLink":false,"fileMetaData":{"size":1673,"lastModifiedTime":1720503517434}}]},{"hashValue":"6059dbd3b2e5625c2eb737e929785e0e","name":"mock-config.json","path":"D:\\frist_work\\grid\\.preview\\default\\intermediates\\res\\default\\mock-config.json","type":"file","isSymbolicLink":false,"fileMetaData":{"size":2,"lastModifiedTime":1720496363123}},{"hashValue":"59368fdd0a272e571169e9e6cef338cc","name":"module_compiled","path":"D:\\frist_work\\grid\\.preview\\default\\intermediates\\res\\default\\module_compiled","type":"directory","isSymbolicLink":false,"children":[{"hashValue":"c62be7e30c9f5142f2364691292b0200","name":"13020808209409887147","path":"D:\\frist_work\\grid\\.preview\\default\\intermediates\\res\\default\\module_compiled\\13020808209409887147","type":"file","isSymbolicLink":false,"fileMetaData":{"size":180,"lastModifiedTime":1720503517355}},{"hashValue":"b884175f7207ab172ed184df5052f5d8","name":"15057544208600005146","path":"D:\\frist_work\\grid\\.preview\\default\\intermediates\\res\\default\\module_compiled\\15057544208600005146","type":"file","isSymbolicLink":false,"fileMetaData":{"size":175,"lastModifiedTime":1720503517356}},{"hashValue":"34fd2ca8af3f448a679548339f6c0878","name":"15105035709536945840","path":"D:\\frist_work\\grid\\.preview\\default\\intermediates\\res\\default\\module_compiled\\15105035709536945840","type":"file","isSymbolicLink":false,"fileMetaData":{"size":396,"lastModifiedTime":1720503517358}},{"hashValue":"42becc8d74989f3c6257bdbd9bb0a935","name":"3381528581909535284","path":"D:\\frist_work\\grid\\.preview\\default\\intermediates\\res\\default\\module_compiled\\3381528581909535284","type":"file","isSymbolicLink":false,"fileMetaData":{"size":168,"lastModifiedTime":1720503517354}},{"hashValue":"326b5739dafd678284ba651b55e88bea","name":"3824422788828245103","path":"D:\\frist_work\\grid\\.preview\\default\\intermediates\\res\\default\\module_compiled\\3824422788828245103","type":"file","isSymbolicLink":false,"fileMetaData":{"size":402,"lastModifiedTime":1720503517357}},{"hashValue":"e4855e4dbad9bbe836df30b5e2ff00ee","name":"4105958819483925216","path":"D:\\frist_work\\grid\\.preview\\default\\intermediates\\res\\default\\module_compiled\\4105958819483925216","type":"file","isSymbolicLink":false,"fileMetaData":{"size":165,"lastModifiedTime":1720503517355}},{"hashValue":"4a9a896d89a711017eba0a48f0bad126","name":"6573312341615094249","path":"D:\\frist_work\\grid\\.preview\\default\\intermediates\\res\\default\\module_compiled\\6573312341615094249","type":"file","isSymbolicLink":false,"fileMetaData":{"size":119,"lastModifiedTime":1720503517353}},{"hashValue":"74660828cb91ad98753ed8ff2d98442e","name":"8699043410154323905","path":"D:\\frist_work\\grid\\.preview\\default\\intermediates\\res\\default\\module_compiled\\8699043410154323905","type":"file","isSymbolicLink":false,"fileMetaData":{"size":184,"lastModifiedTime":1720503517356}},{"hashValue":"b671899516218da56895306f416a55c7","name":"9605815974732841793","path":"D:\\frist_work\\grid\\.preview\\default\\intermediates\\res\\default\\module_compiled\\9605815974732841793","type":"file","isSymbolicLink":false,"fileMetaData":{"size":348,"lastModifiedTime":1720503517354}},{"hashValue":"91e54e49024c9457b7bbb4ff6503d87b","name":"9795370647924145506","path":"D:\\frist_work\\grid\\.preview\\default\\intermediates\\res\\default\\module_compiled\\9795370647924145506","type":"file","isSymbolicLink":false,"fileMetaData":{"size":168,"lastModifiedTime":1720503517354}}]},{"hashValue":"baad94019c51eebe9bdcf817d9d8e42d","name":"module.json","path":"D:\\frist_work\\grid\\.preview\\default\\intermediates\\res\\default\\module.json","type":"file","isSymbolicLink":false,"fileMetaData":{"size":1798,"lastModifiedTime":1720503517434}},{"hashValue":"1f70e7590ba53f7d0a93d290a2348383","name":"resources","path":"D:\\frist_work\\grid\\.preview\\default\\intermediates\\res\\default\\resources","type":"directory","isSymbolicLink":false,"children":[{"hashValue":"01469b9aadd43e088b7641b1ad014059","name":"base","path":"D:\\frist_work\\grid\\.preview\\default\\intermediates\\res\\default\\resources\\base","type":"directory","isSymbolicLink":false,"children":[{"hashValue":"fc5ce807129b56d5e6db608802475db8","name":"media","path":"D:\\frist_work\\grid\\.preview\\default\\intermediates\\res\\default\\resources\\base\\media","type":"directory","isSymbolicLink":false,"children":[{"hashValue":"1af1e548ab4e97b28fbdf6716331ce3c","name":"layered_image.json","path":"D:\\frist_work\\grid\\.preview\\default\\intermediates\\res\\default\\resources\\base\\media\\layered_image.json","type":"file","isSymbolicLink":false,"fileMetaData":{"size":95,"lastModifiedTime":1720503517432}}]},{"hashValue":"ab71754745485dd3513d34fcb3fd6b5d","name":"profile","path":"D:\\frist_work\\grid\\.preview\\default\\intermediates\\res\\default\\resources\\base\\profile","type":"directory","isSymbolicLink":false,"children":[{"hashValue":"9dd951d6c2a06fc45baf64b2980aef4e","name":"backup_config.json","path":"D:\\frist_work\\grid\\.preview\\default\\intermediates\\res\\default\\resources\\base\\profile\\backup_config.json","type":"file","isSymbolicLink":false,"fileMetaData":{"size":36,"lastModifiedTime":1720496284013}},{"hashValue":"3d8935311cbf185dd3f9db422f1328d2","name":"main_pages.json","path":"D:\\frist_work\\grid\\.preview\\default\\intermediates\\res\\default\\resources\\base\\profile\\main_pages.json","type":"file","isSymbolicLink":false,"fileMetaData":{"size":24,"lastModifiedTime":1720503517458}}]}]}]},{"hashValue":"9f26f1fcdeba191030f4ad24f7b33b43","name":"resources.index","path":"D:\\frist_work\\grid\\.preview\\default\\intermediates\\res\\default\\resources.index","type":"file","isSymbolicLink":false,"fileMetaData":{"size":2507,"lastModifiedTime":1720503517433}},{"hashValue":"87600f8b78100d1da177ada41b5f9f5d","name":"ResourceTable.txt","path":"D:\\frist_work\\grid\\.preview\\default\\intermediates\\res\\default\\ResourceTable.txt","type":"file","isSymbolicLink":false,"fileMetaData":{"size":691,"lastModifiedTime":1720503517435}}]},"D:\\frist_work\\grid\\.preview\\default\\generated\\r\\default":{"hashValue":"8d8ba4d2e756d43f1b04fb33d4d2c802","name":"default","path":"D:\\frist_work\\grid\\.preview\\default\\generated\\r\\default","type":"directory","isSymbolicLink":false,"children":[{"hashValue":"e4d8376a405ff8e1e7591811600af8db","name":"ResourceTable.h","path":"D:\\frist_work\\grid\\.preview\\default\\generated\\r\\default\\ResourceTable.h","type":"file","isSymbolicLink":false,"fileMetaData":{"size":1754,"lastModifiedTime":1720503517435}}]},"D:\\frist_work\\grid\\src\\main\\resources\\base\\profile":{"hashValue":"8b4f7923d9253e12e1ec29763cfd6b04","name":"profile","path":"D:\\frist_work\\grid\\src\\main\\resources\\base\\profile","type":"directory","isSymbolicLink":false,"children":[{"hashValue":"9dd951d6c2a06fc45baf64b2980aef4e","name":"backup_config.json","path":"D:\\frist_work\\grid\\src\\main\\resources\\base\\profile\\backup_config.json","type":"file","isSymbolicLink":false,"fileMetaData":{"size":36,"lastModifiedTime":1720496284013}},{"hashValue":"310391da9afac559f3061d9e799a867a","name":"main_pages.json","path":"D:\\frist_work\\grid\\src\\main\\resources\\base\\profile\\main_pages.json","type":"file","isSymbolicLink":false,"fileMetaData":{"size":37,"lastModifiedTime":1720496283984}}]},"D:\\frist_work\\grid\\.preview\\default\\intermediates\\res\\default\\resources\\base\\profile":{"hashValue":"ab71754745485dd3513d34fcb3fd6b5d","name":"profile","path":"D:\\frist_work\\grid\\.preview\\default\\intermediates\\res\\default\\resources\\base\\profile","type":"directory","isSymbolicLink":false,"children":[{"hashValue":"9dd951d6c2a06fc45baf64b2980aef4e","name":"backup_config.json","path":"D:\\frist_work\\grid\\.preview\\default\\intermediates\\res\\default\\resources\\base\\profile\\backup_config.json","type":"file","isSymbolicLink":false,"fileMetaData":{"size":36,"lastModifiedTime":1720496284013}},{"hashValue":"3d8935311cbf185dd3f9db422f1328d2","name":"main_pages.json","path":"D:\\frist_work\\grid\\.preview\\default\\intermediates\\res\\default\\resources\\base\\profile\\main_pages.json","type":"file","isSymbolicLink":false,"fileMetaData":{"size":24,"lastModifiedTime":1720503517458}}]},"D:\\frist_work\\grid\\.preview\\default\\intermediates\\res\\default\\module.json":{"hashValue":"baad94019c51eebe9bdcf817d9d8e42d","name":"module.json","path":"D:\\frist_work\\grid\\.preview\\default\\intermediates\\res\\default\\module.json","type":"file","isSymbolicLink":false,"fileMetaData":{"size":1798,"lastModifiedTime":1720503517434}},"D:\\frist_work\\grid\\.preview\\default\\intermediates\\res\\default\\resources\\base\\profile\\main_pages.json":{"hashValue":"3d8935311cbf185dd3f9db422f1328d2","name":"main_pages.json","path":"D:\\frist_work\\grid\\.preview\\default\\intermediates\\res\\default\\resources\\base\\profile\\main_pages.json","type":"file","isSymbolicLink":false,"fileMetaData":{"size":24,"lastModifiedTime":1720503517458}},"D:\\frist_work\\grid\\.preview\\default\\intermediates\\loader\\default":{"hashValue":"c7962feee3b7fdc5217707d09f29ef17","name":"default","path":"D:\\frist_work\\grid\\.preview\\default\\intermediates\\loader\\default","type":"directory","isSymbolicLink":false,"children":[{"hashValue":"0cd185e36a87e5903538bbcb787dce0c","name":"loader.json","path":"D:\\frist_work\\grid\\.preview\\default\\intermediates\\loader\\default\\loader.json","type":"file","isSymbolicLink":false,"fileMetaData":{"size":559,"lastModifiedTime":1720496356088}}]},"D:\\frist_work\\grid\\.preview\\default\\intermediates\\res\\default\\ResourceTable.txt":{"hashValue":"87600f8b78100d1da177ada41b5f9f5d","name":"ResourceTable.txt","path":"D:\\frist_work\\grid\\.preview\\default\\intermediates\\res\\default\\ResourceTable.txt","type":"file","isSymbolicLink":false,"fileMetaData":{"size":691,"lastModifiedTime":1720503517435}},"D:\\frist_work\\grid\\src\\main\\ets":{"hashValue":"3a7e943f472ffbf0c8a40d610acf516b","name":"ets","path":"D:\\frist_work\\grid\\src\\main\\ets","type":"directory","isSymbolicLink":false,"children":[{"hashValue":"d81905882dd6b6217423a940ad38056b","name":"gridability","path":"D:\\frist_work\\grid\\src\\main\\ets\\gridability","type":"directory","isSymbolicLink":false,"children":[{"hashValue":"82c273461c3020f367fe7883366df8c3","name":"GridAbility.ets","path":"D:\\frist_work\\grid\\src\\main\\ets\\gridability\\GridAbility.ets","type":"file","isSymbolicLink":false,"fileMetaData":{"size":1473,"lastModifiedTime":1720496288844}}]},{"hashValue":"d3e43ceaf6d361f54409fb61905fc610","name":"gridbackupability","path":"D:\\frist_work\\grid\\src\\main\\ets\\gridbackupability","type":"directory","isSymbolicLink":false,"children":[{"hashValue":"53c4c1b7149caff41f73668cc345368a","name":"GridBackupAbility.ets","path":"D:\\frist_work\\grid\\src\\main\\ets\\gridbackupability\\GridBackupAbility.ets","type":"file","isSymbolicLink":false,"fileMetaData":{"size":435,"lastModifiedTime":1720496288867}}]},{"hashValue":"b8bbc49fe2eccf1e38c5d3e79c32ac6d","name":"pages","path":"D:\\frist_work\\grid\\src\\main\\ets\\pages","type":"directory","isSymbolicLink":false,"children":[{"hashValue":"80a94182a33a7e0293d406f498e305ea","name":"Index.ets","path":"D:\\frist_work\\grid\\src\\main\\ets\\pages\\Index.ets","type":"file","isSymbolicLink":false,"fileMetaData":{"size":5763,"lastModifiedTime":1720507938064}}]}]},"D:\\frist_work\\grid\\.preview\\default\\intermediates\\loader\\default\\pkgContextInfo.json":{"hashValue":"","name":"emptyroot","path":"","type":"unknown","isSymbolicLink":false,"children":[]},"D:\\frist_work\\grid\\.preview\\default\\intermediates\\loader_out\\default\\ets":{"hashValue":"","name":"emptyroot","path":"","type":"unknown","isSymbolicLink":false,"children":[]}}